distance_km,food_quantity,ngo_capacity,food_type,food_category,accepts_nonveg,type_compatible,time_until_expiry_hrs,match_successful
7.8,43,24,nonveg,grocery,0,0,24,0
2.45,88,84,veg,grocery,1,1,27,1
1.6,158,97,nonveg,cooked,1,1,1,0
6.43,61,31,nonveg,cooked,1,1,10,0
1.41,15,69,nonveg,cooked,1,1,12,1
10.53,131,73,veg,grocery,0,1,12,0
0.76,60,98,nonveg,grocery,0,0,26,0
5.0,8,69,veg,cooked,0,1,2,0
13.42,6,11,nonveg,grocery,0,0,36,0
16.92,34,53,nonveg,grocery,1,1,21,0
6.87,40,87,veg,cooked,0,1,5,1
11.94,188,98,nonveg,cooked,0,0,1,0
0.8,24,18,veg,cooked,0,1,11,1
4.38,33,17,veg,cooked,0,1,9,0
18.34,72,82,nonveg,cooked,0,0,7,0
13.54,44,46,nonveg,cooked,1,1,3,0
2.83,131,87,veg,grocery,0,1,19,0
10.13,15,18,veg,cooked,1,1,3,0
1.11,96,61,nonveg,grocery,0,0,18,0
11.03,36,38,veg,cooked,0,1,6,0
17.67,45,51,nonveg,grocery,1,1,33,0
4.76,30,93,nonveg,grocery,1,1,33,1
7.45,129,71,veg,grocery,0,1,18,0
17.28,155,79,veg,cooked,1,1,10,0
7.08,59,88,nonveg,cooked,1,1,4,1
7.59,52,67,nonveg,cooked,1,1,1,0
3.39,81,65,veg,grocery,1,1,27,1
1.14,19,10,nonveg,cooked,1,1,6,0
5.22,123,77,veg,grocery,0,1,25,0
19.68,139,95,veg,cooked,1,1,12,0
10.41,93,89,veg,grocery,1,1,24,0
14.37,20,28,nonveg,cooked,1,1,8,0
8.04,104,91,veg,grocery,1,1,23,1
18.53,99,51,veg,grocery,1,1,30,0
10.57,1,11,nonveg,grocery,1,1,32,0
4.18,48,28,nonveg,grocery,1,1,29,0
17.81,113,84,nonveg,grocery,1,1,35,0
0.68,99,98,veg,cooked,0,1,2,0
9.97,80,44,veg,cooked,1,1,1,0
10.13,20,57,nonveg,grocery,1,1,22,0
6.51,76,57,veg,cooked,0,1,6,1
19.59,54,60,nonveg,grocery,1,1,35,0
13.08,61,73,nonveg,cooked,0,0,1,0
1.35,92,53,nonveg,grocery,1,1,8,0
15.08,24,46,veg,cooked,1,1,3,0
19.62,67,72,nonveg,cooked,0,0,6,0
14.07,24,55,nonveg,grocery,1,1,7,0
5.46,17,11,nonveg,grocery,1,1,21,0
11.28,26,51,veg,cooked,1,1,12,0
10.47,36,66,veg,cooked,0,1,12,0
17.79,28,24,nonveg,cooked,1,1,6,0
6.9,63,67,nonveg,cooked,1,1,6,1
5.38,70,51,veg,cooked,0,1,1,0
16.64,108,69,veg,cooked,1,1,4,0
8.52,40,64,nonveg,cooked,1,1,10,1
6.8,19,26,nonveg,grocery,0,0,31,0
19.27,63,32,veg,grocery,0,1,31,0
3.55,48,43,veg,grocery,0,1,21,1
10.58,69,73,nonveg,grocery,0,0,31,0
7.44,185,95,veg,cooked,0,1,1,0
6.57,85,71,veg,cooked,1,1,5,1
8.27,5,19,nonveg,cooked,0,0,10,0
18.7,5,10,veg,cooked,0,1,7,0
18.91,24,41,nonveg,cooked,1,1,1,0
16.32,101,52,nonveg,cooked,1,1,10,0
4.53,13,38,nonveg,cooked,0,0,3,0
12.56,81,96,nonveg,cooked,1,1,10,0
7.14,4,16,nonveg,grocery,1,1,34,1
1.26,21,98,veg,cooked,0,1,9,1
11.59,99,58,nonveg,cooked,0,0,8,0
17.41,12,46,veg,grocery,1,1,8,0
2.51,49,26,nonveg,cooked,0,0,11,0
2.45,41,21,veg,cooked,0,1,4,0
11.68,5,25,veg,grocery,1,1,26,0
15.17,16,32,veg,cooked,1,1,10,0
1.62,3,14,veg,grocery,1,1,20,1
3.29,145,83,veg,grocery,1,1,13,0
1.92,27,59,nonveg,cooked,1,1,6,1
19.74,86,74,nonveg,cooked,1,1,4,0
7.33,19,40,veg,cooked,1,1,10,1
18.17,67,48,veg,cooked,1,1,10,0
14.95,61,81,veg,grocery,1,1,18,0
5.13,113,72,veg,grocery,0,1,11,0
16.14,32,54,veg,cooked,1,1,6,0
18.53,19,45,nonveg,cooked,0,0,1,0
14.07,1,40,veg,grocery,0,1,28,0
1.39,10,21,nonveg,cooked,0,0,8,0
12.59,28,17,nonveg,cooked,0,0,2,0
5.69,100,50,nonveg,cooked,0,0,9,0
6.54,157,93,veg,grocery,1,1,23,0
8.62,47,78,veg,cooked,1,1,2,0
11.26,23,14,nonveg,cooked,1,1,1,0
7.85,63,35,veg,grocery,1,1,18,0
1.74,16,10,veg,grocery,1,1,36,0
15.12,21,12,veg,grocery,1,1,15,0
7.87,78,94,veg,cooked,1,1,4,1
4.96,34,41,nonveg,cooked,0,0,10,0
10.65,18,12,nonveg,grocery,1,1,35,0
17.59,112,66,veg,cooked,1,1,5,0
12.97,103,84,nonveg,grocery,1,1,23,0
12.0,51,39,veg,grocery,1,1,6,0
15.78,51,39,veg,grocery,0,1,29,0
16.92,20,26,nonveg,cooked,1,1,2,0
6.91,75,52,veg,grocery,1,1,21,1
3.46,8,25,nonveg,cooked,0,0,3,0
17.55,32,36,nonveg,grocery,0,0,26,0
3.79,61,51,nonveg,cooked,0,0,9,0
7.44,34,55,veg,grocery,1,1,14,1
2.3,86,56,veg,grocery,0,1,21,0
1.69,36,35,veg,cooked,1,1,4,1
4.58,14,65,nonveg,grocery,1,1,7,1
15.08,7,23,veg,grocery,1,1,20,0
1.09,38,27,veg,cooked,0,1,7,1
7.86,39,83,veg,grocery,0,1,35,1
2.84,13,26,nonveg,cooked,0,0,9,0
10.22,34,95,veg,grocery,1,1,24,0
7.89,20,15,nonveg,grocery,0,0,32,0
19.74,53,42,nonveg,cooked,0,0,4,0
17.09,62,71,nonveg,cooked,1,1,7,0
1.51,40,40,veg,grocery,0,1,7,1
11.73,4,84,veg,grocery,0,1,29,0
14.6,79,71,veg,grocery,0,1,17,0
4.5,68,35,veg,cooked,1,1,12,0
2.74,142,99,nonveg,cooked,1,1,4,1
6.75,1,12,nonveg,cooked,0,0,7,0
11.2,13,11,nonveg,grocery,0,0,10,0
0.55,11,18,veg,cooked,1,1,1,0
17.09,78,69,veg,grocery,1,1,17,0
7.89,8,10,nonveg,grocery,1,1,13,1
16.64,30,23,veg,cooked,1,1,11,0
12.86,132,71,veg,grocery,0,1,13,0
9.31,32,23,veg,grocery,1,1,36,1
10.3,17,34,veg,cooked,1,1,5,0
18.18,39,60,veg,cooked,0,1,3,0
7.03,15,73,veg,grocery,1,1,12,1
11.68,38,38,veg,cooked,0,1,7,0
3.29,86,77,nonveg,grocery,1,1,6,1
2.51,31,22,veg,grocery,0,1,29,1
10.29,5,17,veg,cooked,1,1,2,0
0.74,36,45,nonveg,cooked,0,0,11,0
19.2,6,47,nonveg,cooked,0,0,11,0
3.49,40,22,nonveg,cooked,0,0,8,0
17.51,100,85,nonveg,grocery,1,1,13,0
13.2,9,40,nonveg,cooked,0,0,9,0
18.55,1,32,nonveg,cooked,0,0,4,0
2.93,1,66,veg,cooked,0,1,5,1
7.9,9,62,nonveg,grocery,0,0,14,0
2.73,38,34,nonveg,cooked,1,1,11,1
9.32,59,52,nonveg,grocery,0,0,30,0
10.22,88,79,veg,cooked,1,1,6,0
4.79,49,94,veg,grocery,1,1,25,1
8.59,104,72,veg,cooked,0,1,7,1
8.82,62,65,nonveg,cooked,1,1,8,1
11.96,14,10,veg,cooked,1,1,12,0
9.88,51,47,veg,cooked,0,1,7,1
18.95,10,41,nonveg,grocery,1,1,6,0
1.0,50,41,veg,grocery,0,1,28,1
5.45,187,96,veg,cooked,0,1,5,0
3.98,34,17,veg,cooked,1,1,8,0
16.23,4,25,nonveg,grocery,0,0,36,0
6.82,7,91,nonveg,cooked,0,0,3,0
2.89,36,28,veg,cooked,1,1,5,1
7.17,3,11,veg,cooked,1,1,5,1
8.48,34,18,veg,cooked,1,1,6,0
15.71,158,90,nonveg,grocery,1,1,22,0
9.95,14,90,veg,grocery,1,1,12,1
4.75,43,31,nonveg,grocery,1,1,18,1
13.98,75,46,nonveg,grocery,0,0,9,0
10.21,17,43,veg,grocery,1,1,28,0
2.58,27,95,veg,cooked,1,1,2,0
12.21,71,62,nonveg,grocery,1,1,33,0
15.53,64,55,nonveg,cooked,1,1,3,0
2.26,29,35,veg,grocery,1,1,9,1
14.52,54,48,nonveg,cooked,1,1,6,0
14.79,36,42,veg,cooked,1,1,11,0
17.0,154,82,nonveg,cooked,0,0,1,0
8.55,104,70,nonveg,cooked,0,0,2,0
16.09,51,53,nonveg,cooked,0,0,5,0
2.29,61,58,veg,grocery,1,1,20,1
2.19,83,89,nonveg,grocery,1,1,10,1
14.0,25,79,nonveg,cooked,0,0,10,0
1.51,47,35,nonveg,grocery,1,1,28,1
11.34,135,95,nonveg,cooked,1,1,3,0
18.53,82,68,veg,grocery,1,1,23,0
10.69,14,26,veg,cooked,1,1,2,0
17.76,40,52,nonveg,grocery,0,0,20,0
16.18,22,13,veg,grocery,1,1,18,0
12.51,55,75,veg,grocery,0,1,28,0
4.12,32,27,nonveg,grocery,1,1,25,1
1.53,16,71,nonveg,cooked,0,0,9,0
7.06,133,93,veg,cooked,0,1,8,1
6.1,146,77,nonveg,grocery,0,0,26,0
19.76,143,82,veg,cooked,0,1,11,0
19.02,124,70,nonveg,grocery,1,1,29,0
9.61,153,86,veg,grocery,0,1,25,0
16.84,117,63,veg,grocery,0,1,7,0
7.99,3,50,nonveg,cooked,0,0,7,0
17.73,58,29,veg,cooked,0,1,2,0
10.08,24,26,veg,grocery,0,1,29,0
15.08,73,98,nonveg,grocery,0,0,14,0
8.13,9,38,veg,grocery,1,1,14,1
6.92,5,34,veg,cooked,1,1,6,1
5.57,16,14,nonveg,grocery,1,1,21,1
13.82,81,78,nonveg,cooked,1,1,3,0
16.58,40,65,nonveg,grocery,1,1,6,0
17.63,16,28,nonveg,cooked,0,0,9,0
7.01,89,54,veg,grocery,1,1,11,0
4.19,11,14,veg,grocery,0,1,28,1
0.6,53,41,nonveg,grocery,0,0,7,0
16.73,39,21,nonveg,cooked,1,1,1,0
11.42,88,69,veg,grocery,0,1,35,0
0.86,60,72,veg,grocery,0,1,9,1
3.89,17,77,nonveg,cooked,1,1,1,0
1.63,50,91,nonveg,grocery,1,1,9,1
13.13,76,61,veg,cooked,1,1,3,0
5.42,26,96,nonveg,cooked,1,1,1,0
2.49,15,48,veg,grocery,0,1,7,1
15.57,22,93,veg,cooked,1,1,12,0
1.11,47,30,nonveg,grocery,1,1,24,0
5.85,1,12,nonveg,grocery,0,0,34,0
4.41,24,34,nonveg,grocery,1,1,32,1
19.38,89,55,veg,cooked,0,1,11,0
16.97,131,80,veg,cooked,0,1,12,0
19.37,46,29,veg,cooked,0,1,1,0
12.34,9,93,nonveg,cooked,0,0,6,0
11.85,8,11,veg,grocery,0,1,26,0
1.91,82,73,nonveg,grocery,1,1,16,1
14.05,41,42,nonveg,grocery,1,1,14,0
5.22,32,55,veg,cooked,1,1,4,1
7.25,32,49,nonveg,cooked,1,1,1,0
17.71,33,39,veg,cooked,0,1,2,0
19.56,174,99,nonveg,grocery,0,0,28,0
13.57,61,84,veg,grocery,1,1,14,0
1.51,41,41,nonveg,grocery,1,1,33,1
16.13,111,71,veg,cooked,1,1,4,0
12.15,26,31,veg,grocery,1,1,15,0
9.05,12,91,veg,grocery,1,1,24,1
4.77,110,64,nonveg,grocery,1,1,26,0
13.34,44,60,nonveg,cooked,1,1,5,0
19.93,131,68,nonveg,cooked,1,1,6,0
1.1,12,16,veg,grocery,1,1,34,1
17.0,4,46,nonveg,cooked,1,1,8,0
11.09,96,60,veg,cooked,1,1,4,0
17.53,36,43,nonveg,grocery,1,1,31,0
18.29,3,21,veg,cooked,1,1,1,0
3.07,30,17,veg,grocery,0,1,7,0
4.03,41,78,nonveg,cooked,1,1,8,1
11.8,130,93,veg,cooked,0,1,9,0
8.28,5,44,veg,grocery,1,1,9,1
19.41,31,56,veg,grocery,1,1,21,0
10.64,12,19,nonveg,cooked,1,1,8,0
12.53,20,10,nonveg,cooked,1,1,5,0
10.9,113,58,nonveg,grocery,1,1,20,0
11.38,114,70,nonveg,cooked,1,1,4,0
1.51,3,10,nonveg,cooked,0,0,1,0
10.39,12,87,nonveg,cooked,1,1,11,0
0.6,50,98,veg,grocery,1,1,20,1
10.67,44,32,nonveg,cooked,0,0,4,0
14.24,21,17,veg,grocery,0,1,11,0
17.43,175,95,nonveg,grocery,1,1,16,0
13.82,145,91,nonveg,grocery,1,1,17,0
2.71,46,98,nonveg,grocery,0,0,21,0
16.62,69,57,veg,cooked,1,1,2,0
12.3,73,72,veg,cooked,1,1,9,0
2.26,75,40,nonveg,grocery,1,1,9,0
13.52,82,79,veg,grocery,1,1,16,0
7.83,71,63,veg,cooked,1,1,10,1
8.23,19,30,nonveg,grocery,1,1,22,1
9.17,11,99,veg,cooked,1,1,2,0
9.54,21,12,nonveg,grocery,1,1,33,0
1.0,25,35,nonveg,cooked,1,1,12,1
9.8,48,52,veg,grocery,1,1,32,1
10.66,23,30,veg,cooked,1,1,12,0
19.12,75,45,veg,cooked,1,1,6,0
4.29,125,87,nonveg,cooked,0,0,11,0
18.63,35,37,nonveg,cooked,1,1,2,0
8.3,132,86,nonveg,cooked,0,0,12,0
4.04,31,22,veg,cooked,1,1,10,1
18.4,118,93,veg,grocery,0,1,18,0
12.85,22,22,nonveg,grocery,1,1,31,0
4.63,24,19,nonveg,cooked,1,1,8,1
7.39,37,35,nonveg,cooked,1,1,12,1
13.59,146,98,veg,grocery,1,1,23,0
3.48,99,58,nonveg,grocery,0,0,22,0
3.98,15,46,veg,grocery,1,1,15,1
5.51,153,86,nonveg,cooked,1,1,2,0
8.38,41,48,veg,cooked,0,1,3,0
12.26,32,51,veg,grocery,0,1,10,0
17.94,9,12,nonveg,cooked,0,0,7,0
1.85,60,58,nonveg,grocery,0,0,26,0
5.79,50,81,veg,grocery,0,1,8,1
4.21,12,11,nonveg,cooked,1,1,7,1
9.57,22,17,nonveg,cooked,1,1,9,1
3.82,121,71,veg,grocery,0,1,17,0
19.63,16,12,nonveg,cooked,0,0,8,0
0.89,104,93,nonveg,grocery,1,1,26,1
2.31,18,31,nonveg,grocery,0,0,21,0
10.38,36,23,veg,cooked,0,1,9,0
2.21,193,100,veg,grocery,0,1,31,0
12.21,6,64,veg,grocery,1,1,33,0
17.1,42,21,nonveg,grocery,0,0,29,0
10.88,134,87,veg,grocery,0,1,14,0
6.79,66,44,veg,grocery,0,1,25,1
11.67,25,19,nonveg,cooked,1,1,4,0
12.32,110,74,nonveg,grocery,0,0,8,0
19.08,25,15,veg,cooked,0,1,2,0
10.37,68,88,veg,grocery,1,1,33,0
6.58,20,87,nonveg,cooked,1,1,11,1
12.58,31,69,veg,grocery,0,1,30,0
1.63,31,20,nonveg,cooked,1,1,9,0
3.27,156,82,nonveg,cooked,0,0,12,0
12.55,7,13,nonveg,grocery,1,1,25,0
3.89,38,45,veg,grocery,1,1,36,1
9.27,27,16,nonveg,cooked,0,0,6,0
19.29,2,64,nonveg,cooked,0,0,5,0
15.33,120,67,veg,grocery,0,1,31,0
5.2,181,94,nonveg,cooked,0,0,1,0
2.64,52,69,nonveg,cooked,1,1,4,1
17.36,180,91,veg,cooked,1,1,1,0
19.13,9,26,veg,grocery,1,1,34,0
5.95,21,67,nonveg,grocery,1,1,32,1
9.28,79,58,veg,cooked,1,1,3,0
2.56,65,53,veg,grocery,0,1,30,1
15.05,13,10,veg,cooked,0,1,5,0
10.42,110,67,nonveg,cooked,1,1,7,0
15.78,107,60,nonveg,cooked,1,1,8,0
5.67,92,47,veg,cooked,1,1,9,0
19.53,49,88,nonveg,grocery,1,1,14,0
19.22,114,71,nonveg,grocery,0,0,13,0
2.72,32,22,veg,grocery,1,1,7,1
3.0,17,24,nonveg,grocery,0,0,13,0
8.93,114,98,nonveg,cooked,1,1,12,1
4.35,21,55,veg,grocery,0,1,12,1
17.01,18,56,veg,grocery,1,1,13,0
15.09,23,16,nonveg,cooked,0,0,6,0
19.7,28,31,veg,grocery,0,1,26,0
14.66,50,36,veg,cooked,0,1,12,0
14.79,37,52,veg,grocery,1,1,27,0
11.52,30,38,veg,grocery,1,1,10,0
3.62,72,67,veg,grocery,1,1,9,1
2.43,106,73,nonveg,cooked,1,1,7,1
12.49,112,75,veg,grocery,1,1,15,0
15.34,12,63,veg,cooked,1,1,5,0
7.67,144,84,veg,grocery,1,1,24,0
19.93,15,13,veg,grocery,1,1,27,0
12.06,85,46,nonveg,grocery,0,0,11,0
3.75,57,69,veg,cooked,1,1,4,1
10.45,24,12,veg,grocery,1,1,9,0
1.53,34,33,nonveg,grocery,0,0,33,0
6.78,110,72,veg,cooked,0,1,10,0
14.3,64,40,veg,cooked,0,1,7,0
14.84,52,27,veg,grocery,1,1,16,0
14.81,33,54,veg,grocery,1,1,20,0
2.81,47,79,nonveg,grocery,1,1,31,1
11.96,138,70,nonveg,cooked,1,1,6,0
5.82,109,90,veg,grocery,0,1,19,1
4.9,93,78,nonveg,cooked,1,1,10,1
18.78,90,79,nonveg,cooked,1,1,3,0
9.02,100,66,nonveg,cooked,0,0,12,0
3.14,24,40,veg,grocery,0,1,17,1
1.37,135,95,veg,cooked,1,1,10,1
5.8,95,63,nonveg,grocery,0,0,14,0
10.01,107,65,nonveg,grocery,1,1,26,0
10.88,7,42,nonveg,grocery,0,0,29,0
11.19,143,97,nonveg,grocery,0,0,17,0
15.86,37,23,nonveg,grocery,0,0,28,0
4.36,49,97,veg,cooked,1,1,12,1
7.32,33,50,nonveg,grocery,1,1,30,1
17.09,81,42,nonveg,cooked,1,1,10,0
11.08,86,48,veg,grocery,0,1,11,0
17.01,85,83,veg,grocery,1,1,7,0
2.4,48,25,veg,grocery,1,1,29,0
15.85,60,47,veg,cooked,0,1,1,0
4.43,21,16,nonveg,grocery,1,1,25,1
10.63,79,94,nonveg,cooked,0,0,9,0
11.42,26,37,veg,cooked,0,1,3,0
18.23,99,51,nonveg,cooked,1,1,11,0
7.92,5,28,veg,cooked,0,1,8,1
6.1,36,50,veg,grocery,1,1,20,1
4.32,42,91,nonveg,grocery,1,1,12,1
12.46,18,12,veg,grocery,0,1,6,0
1.15,32,17,nonveg,grocery,0,0,35,0
12.5,32,28,veg,grocery,1,1,21,0
19.77,30,30,veg,cooked,1,1,10,0
8.84,69,36,veg,cooked,0,1,4,0
17.86,3,14,veg,cooked,0,1,6,0
11.05,60,92,nonveg,grocery,1,1,17,0
9.46,131,94,nonveg,cooked,0,0,5,0
2.7,190,99,veg,cooked,0,1,9,0
14.92,58,91,veg,grocery,1,1,27,0
14.89,30,20,veg,cooked,0,1,2,0
6.84,28,49,veg,cooked,1,1,12,1
19.84,128,96,veg,cooked,1,1,6,0
7.53,35,30,veg,cooked,1,1,4,1
17.49,9,48,veg,cooked,1,1,3,0
18.19,151,100,veg,cooked,1,1,6,0
4.92,35,81,veg,grocery,0,1,25,1
0.85,88,49,nonveg,grocery,0,0,21,0
14.3,3,60,nonveg,grocery,1,1,18,0
19.27,73,72,veg,grocery,1,1,24,0
17.52,38,23,veg,grocery,0,1,35,0
1.4,52,42,veg,grocery,0,1,14,1
6.35,68,50,veg,grocery,1,1,14,1
6.94,169,95,nonveg,cooked,0,0,1,0
6.06,35,21,veg,grocery,1,1,36,0
13.35,20,57,veg,grocery,0,1,34,0
10.74,4,18,veg,grocery,1,1,6,0
0.99,175,96,nonveg,cooked,1,1,9,0
7.15,93,61,nonveg,grocery,1,1,25,0
15.88,4,60,veg,grocery,0,1,27,0
15.84,86,76,nonveg,grocery,1,1,28,0
19.68,87,81,nonveg,cooked,0,0,1,0
1.28,26,15,veg,cooked,0,1,1,0
9.28,14,49,veg,cooked,1,1,1,0
10.57,46,58,veg,cooked,0,1,12,0
6.06,85,48,veg,grocery,1,1,16,0
1.37,24,18,veg,cooked,1,1,5,1
7.23,55,48,veg,cooked,1,1,3,0
9.29,45,55,veg,cooked,1,1,8,1
18.2,33,21,veg,grocery,1,1,10,0
0.53,174,100,veg,grocery,1,1,22,0
12.27,146,91,nonveg,grocery,1,1,9,0
7.7,47,28,nonveg,grocery,1,1,17,0
2.06,41,24,veg,cooked,1,1,10,0
7.56,10,84,nonveg,grocery,1,1,30,1
3.51,20,12,nonveg,cooked,1,1,6,0
16.67,2,49,veg,grocery,1,1,16,0
9.98,79,54,nonveg,grocery,1,1,36,1
7.19,24,32,veg,cooked,0,1,11,1
8.88,73,54,veg,grocery,1,1,17,1
16.07,79,76,veg,cooked,0,1,10,0
7.72,24,42,veg,grocery,0,1,12,1
3.28,65,65,veg,grocery,0,1,15,1
13.09,43,44,veg,cooked,1,1,1,0
2.47,69,73,nonveg,cooked,0,0,12,0
11.41,4,40,veg,cooked,1,1,8,0
19.56,75,76,veg,cooked,0,1,6,0
18.55,51,100,nonveg,cooked,0,0,5,0
6.14,42,46,nonveg,cooked,1,1,4,1
19.9,113,82,veg,cooked,1,1,4,0
1.1,4,31,veg,cooked,1,1,2,0
3.78,123,62,veg,cooked,0,1,3,0
3.95,174,94,veg,cooked,1,1,7,0
11.12,3,10,veg,grocery,1,1,24,0
15.76,104,91,nonveg,grocery,1,1,10,0
14.75,28,17,veg,cooked,1,1,3,0
3.08,117,100,nonveg,grocery,1,1,17,1
1.24,39,20,nonveg,cooked,1,1,9,0
17.6,6,21,veg,grocery,1,1,17,0
9.93,102,79,veg,cooked,1,1,11,1
10.47,179,90,veg,grocery,1,1,24,0
12.24,7,13,veg,cooked,1,1,8,0
17.15,81,90,veg,cooked,0,1,6,0
5.49,13,78,veg,grocery,1,1,21,1
15.37,29,31,nonveg,grocery,1,1,15,0
12.83,16,30,nonveg,grocery,0,0,29,0
10.81,35,56,veg,cooked,1,1,8,0
6.25,3,16,veg,cooked,1,1,5,1
0.61,5,17,nonveg,grocery,1,1,9,1
14.15,104,72,veg,cooked,0,1,4,0
8.44,99,84,nonveg,cooked,1,1,2,0
0.62,123,92,nonveg,cooked,0,0,7,0
16.92,38,25,nonveg,cooked,1,1,8,0
6.26,39,43,veg,grocery,1,1,35,1
5.69,39,62,veg,grocery,0,1,18,1
12.27,19,62,veg,grocery,0,1,28,0
10.31,74,71,nonveg,grocery,1,1,25,0
13.81,28,23,nonveg,grocery,1,1,27,0
11.48,13,13,veg,grocery,0,1,28,0
3.59,82,43,nonveg,grocery,0,0,17,0
8.35,93,66,nonveg,grocery,1,1,22,1
1.72,8,59,veg,cooked,1,1,12,1
2.49,107,74,veg,grocery,1,1,9,1
15.88,13,24,veg,grocery,0,1,17,0
13.67,23,26,nonveg,grocery,1,1,30,0
14.23,23,19,veg,grocery,1,1,6,0
5.93,17,20,nonveg,grocery,0,0,26,0
9.77,140,92,veg,cooked,0,1,7,0
10.26,99,50,veg,cooked,1,1,3,0
7.71,13,80,nonveg,grocery,1,1,7,1
4.63,54,82,nonveg,grocery,1,1,28,1
12.35,9,43,nonveg,grocery,0,0,8,0
6.65,21,53,nonveg,grocery,0,0,9,0
2.16,10,22,veg,cooked,1,1,5,1
18.27,22,11,veg,cooked,1,1,9,0
14.86,12,26,nonveg,cooked,1,1,9,0
19.29,90,69,nonveg,grocery,1,1,21,0
15.57,27,67,nonveg,cooked,1,1,9,0
2.84,7,15,nonveg,cooked,0,0,7,0
10.6,126,66,nonveg,cooked,0,0,4,0
11.19,73,60,nonveg,grocery,1,1,30,0
6.18,86,54,veg,cooked,0,1,9,0
18.78,44,37,nonveg,grocery,1,1,28,0
15.81,178,93,veg,grocery,0,1,14,0
4.5,106,99,veg,grocery,1,1,18,1
5.89,104,86,nonveg,cooked,1,1,11,1
16.29,52,56,nonveg,cooked,1,1,9,0
13.95,5,35,nonveg,grocery,1,1,27,0
8.61,27,47,nonveg,cooked,1,1,5,1
19.27,6,15,nonveg,grocery,1,1,15,0
4.02,6,12,veg,cooked,1,1,12,1
16.95,77,84,nonveg,grocery,0,0,11,0
2.62,99,77,nonveg,grocery,1,1,31,1
10.69,139,85,veg,cooked,1,1,7,0
4.67,154,91,nonveg,cooked,1,1,11,0
7.42,43,26,veg,grocery,1,1,28,0
8.16,30,17,nonveg,cooked,0,0,11,0
13.5,84,68,nonveg,grocery,1,1,17,0
0.74,36,83,veg,cooked,1,1,11,1
1.4,66,51,veg,grocery,0,1,10,1
5.29,108,76,veg,cooked,1,1,6,1
8.26,34,36,veg,cooked,1,1,7,1
7.75,148,93,veg,cooked,0,1,7,0
11.75,17,87,nonveg,grocery,0,0,26,0
7.49,114,77,veg,cooked,1,1,4,1
1.04,41,68,veg,cooked,1,1,6,1
17.4,93,50,nonveg,grocery,1,1,24,0
8.84,26,85,veg,cooked,0,1,7,1
18.96,5,49,veg,grocery,1,1,25,0
10.2,19,17,nonveg,grocery,0,0,30,0
7.6,35,24,veg,cooked,0,1,11,1
16.8,24,70,nonveg,grocery,0,0,30,0
9.53,120,62,nonveg,cooked,0,0,5,0
15.43,54,66,nonveg,cooked,1,1,7,0
4.47,61,94,nonveg,cooked,0,0,4,0
19.35,36,47,veg,cooked,1,1,10,0
6.41,101,71,veg,cooked,0,1,9,1
7.73,100,56,veg,cooked,1,1,6,0
12.02,31,25,nonveg,grocery,0,0,36,0
10.59,139,90,nonveg,cooked,0,0,4,0
19.01,21,34,veg,cooked,1,1,9,0
3.86,127,90,nonveg,cooked,0,0,7,0
9.5,15,10,veg,cooked,1,1,9,1
5.84,93,50,veg,cooked,0,1,4,0
3.57,63,90,veg,grocery,1,1,28,1
11.21,15,90,nonveg,grocery,1,1,23,0
0.81,35,52,nonveg,grocery,1,1,7,1
9.03,24,13,veg,grocery,1,1,6,0
19.36,27,92,nonveg,grocery,0,0,35,0
11.28,80,85,veg,grocery,1,1,36,0
6.54,2,32,nonveg,grocery,1,1,13,1
5.38,119,65,veg,grocery,1,1,24,0
0.74,72,89,nonveg,cooked,0,0,5,0
6.48,12,36,veg,grocery,1,1,33,1
8.39,33,68,nonveg,cooked,0,0,6,0
6.98,47,75,veg,grocery,1,1,27,1
14.8,14,96,veg,cooked,1,1,8,0
19.81,63,33,nonveg,grocery,0,0,35,0
10.61,2,26,nonveg,grocery,1,1,14,0
14.89,169,99,veg,cooked,0,1,11,0
12.31,35,98,nonveg,grocery,1,1,11,0
19.39,55,52,veg,cooked,1,1,4,0
6.3,20,63,nonveg,cooked,0,0,2,0
5.71,22,43,veg,cooked,1,1,9,1
14.28,70,57,veg,grocery,0,1,7,0
17.39,83,74,nonveg,cooked,1,1,11,0
14.86,21,57,veg,grocery,1,1,35,0
13.76,65,37,veg,cooked,1,1,9,0
9.28,10,10,nonveg,grocery,1,1,11,1
19.55,10,26,nonveg,grocery,0,0,25,0
15.09,28,34,veg,cooked,1,1,9,0
9.05,56,28,nonveg,grocery,1,1,15,0
14.17,39,49,veg,grocery,0,1,25,0
0.77,110,72,veg,cooked,1,1,11,0
9.45,62,76,nonveg,grocery,1,1,35,1
19.05,18,19,nonveg,cooked,1,1,8,0
4.41,102,83,veg,cooked,1,1,8,1
1.83,73,90,veg,grocery,1,1,22,1
17.37,37,63,veg,cooked,1,1,2,0
12.79,114,69,nonveg,cooked,1,1,2,0
16.58,11,31,nonveg,cooked,0,0,7,0
1.6,88,63,nonveg,cooked,0,0,3,0
8.49,6,10,nonveg,cooked,1,1,1,0
4.12,50,30,veg,grocery,1,1,24,0
2.65,129,78,nonveg,grocery,1,1,15,0
10.94,58,30,nonveg,grocery,1,1,19,0
18.32,4,14,nonveg,cooked,1,1,7,0
5.02,61,94,veg,cooked,1,1,7,1
4.28,10,14,veg,grocery,1,1,8,1
8.58,29,95,veg,grocery,0,1,19,1
8.0,45,32,veg,grocery,1,1,10,1
14.78,30,27,nonveg,grocery,0,0,35,0
3.73,78,51,nonveg,cooked,0,0,4,0
2.81,11,37,nonveg,cooked,0,0,3,0
7.05,24,37,nonveg,grocery,1,1,6,1
8.86,3,28,nonveg,cooked,1,1,2,0
6.89,1,22,nonveg,cooked,1,1,1,0
10.17,39,70,nonveg,grocery,1,1,18,0
8.14,67,58,veg,grocery,1,1,6,1
0.85,43,26,veg,grocery,1,1,34,0
12.75,26,41,nonveg,grocery,1,1,14,0
10.95,93,74,veg,grocery,0,1,17,0
7.01,157,80,veg,grocery,1,1,20,0
9.59,46,62,nonveg,grocery,0,0,21,0
4.56,22,17,nonveg,cooked,1,1,4,1
17.03,49,66,veg,cooked,1,1,6,0
8.95,123,73,nonveg,cooked,0,0,6,0
14.72,59,49,veg,cooked,1,1,4,0
1.38,158,100,veg,grocery,1,1,14,0
0.6,48,70,veg,grocery,1,1,31,1
15.75,62,54,veg,grocery,1,1,8,0
13.59,44,73,veg,cooked,1,1,12,0
8.12,131,67,veg,grocery,1,1,10,0
11.06,76,71,nonveg,cooked,1,1,8,0
11.98,40,66,veg,cooked,1,1,12,0
14.62,15,20,nonveg,cooked,1,1,12,0
9.16,18,32,nonveg,grocery,0,0,11,0
10.9,61,76,veg,grocery,1,1,26,0
14.05,27,22,nonveg,grocery,0,0,26,0
16.39,23,13,veg,cooked,0,1,5,0
15.08,28,42,nonveg,cooked,0,0,6,0
8.6,79,44,veg,grocery,1,1,21,0
6.8,110,65,veg,grocery,1,1,12,0
19.93,2,27,nonveg,cooked,1,1,6,0
2.35,12,29,veg,grocery,1,1,34,1
17.23,163,100,veg,cooked,1,1,1,0
19.24,149,84,veg,cooked,0,1,12,0
13.26,86,44,nonveg,cooked,1,1,1,0
15.36,55,41,veg,grocery,0,1,8,0
12.68,125,94,nonveg,cooked,0,0,3,0
9.12,61,83,veg,grocery,1,1,28,1
18.6,28,64,veg,grocery,1,1,26,0
19.63,22,13,veg,cooked,1,1,11,0
19.01,55,70,nonveg,cooked,1,1,5,0
12.82,169,96,veg,grocery,1,1,15,0
11.32,64,74,veg,grocery,0,1,17,0
1.33,81,56,veg,grocery,0,1,23,1
15.69,43,68,veg,grocery,1,1,35,0
18.25,56,37,nonveg,cooked,0,0,5,0
16.76,36,75,nonveg,grocery,1,1,13,0
12.08,8,29,veg,cooked,0,1,4,0
17.68,46,25,nonveg,grocery,1,1,32,0
17.78,27,57,veg,grocery,1,1,14,0
19.95,37,93,nonveg,grocery,1,1,30,0
9.57,39,29,veg,grocery,1,1,15,1
18.79,46,28,veg,grocery,1,1,31,0
4.97,50,29,nonveg,grocery,0,0,20,0
3.37,5,12,nonveg,cooked,0,0,12,0
5.93,8,20,veg,cooked,0,1,7,1
7.63,13,45,nonveg,grocery,0,0,9,0
3.36,127,73,nonveg,cooked,0,0,2,0
16.67,28,20,nonveg,grocery,0,0,11,0
15.72,44,33,nonveg,cooked,1,1,1,0
9.46,106,66,veg,cooked,1,1,9,0
11.7,168,85,veg,grocery,0,1,36,0
2.96,17,22,nonveg,grocery,0,0,32,0
10.69,76,86,nonveg,grocery,1,1,30,0
17.27,16,27,veg,grocery,1,1,35,0
18.11,134,90,veg,grocery,1,1,19,0
13.07,7,13,nonveg,cooked,1,1,6,0
3.07,94,62,veg,cooked,0,1,2,0
18.11,72,47,veg,grocery,0,1,19,0
5.43,3,19,nonveg,cooked,1,1,5,1
3.91,127,98,veg,cooked,1,1,4,1
5.37,4,31,veg,grocery,1,1,22,1
12.73,81,86,nonveg,cooked,1,1,1,0
6.23,109,81,veg,cooked,0,1,10,1
15.82,39,22,veg,cooked,1,1,7,0
10.0,145,91,nonveg,grocery,1,1,34,0
14.31,13,91,veg,cooked,0,1,7,0
13.11,116,92,veg,grocery,1,1,36,0
2.91,30,61,veg,grocery,1,1,20,1
3.63,98,84,nonveg,cooked,0,0,1,0
15.58,72,66,veg,cooked,0,1,8,0
4.4,39,20,veg,grocery,0,1,31,0
13.71,168,94,veg,grocery,0,1,11,0
0.87,54,73,nonveg,grocery,0,0,16,0
6.2,51,30,nonveg,grocery,1,1,33,0
12.15,19,15,nonveg,cooked,1,1,7,0
12.19,43,77,nonveg,grocery,0,0,22,0
14.27,83,69,nonveg,cooked,0,0,8,0
9.13,10,10,nonveg,grocery,1,1,17,1
4.12,114,89,nonveg,cooked,0,0,8,0
12.11,119,97,nonveg,cooked,1,1,3,0
5.31,26,82,nonveg,grocery,1,1,8,1
6.24,27,76,nonveg,grocery,1,1,14,1
13.44,47,35,nonveg,grocery,0,0,17,0
18.23,176,96,veg,cooked,1,1,2,0
4.1,25,30,nonveg,grocery,0,0,35,0
9.97,15,47,nonveg,cooked,1,1,9,1
3.71,6,14,veg,cooked,0,1,7,1
13.34,21,27,nonveg,grocery,1,1,8,0
8.51,25,19,nonveg,cooked,1,1,5,1
2.43,55,62,veg,cooked,1,1,5,1
1.81,1,11,nonveg,cooked,1,1,12,1
4.85,90,48,veg,grocery,0,1,34,0
5.3,103,82,veg,grocery,0,1,7,1
1.48,89,61,nonveg,grocery,0,0,10,0
12.47,79,74,veg,cooked,1,1,8,0
3.59,17,26,nonveg,cooked,0,0,1,0
7.49,6,54,veg,cooked,0,1,6,1
15.36,31,22,veg,cooked,0,1,5,0
18.71,23,58,veg,grocery,1,1,31,0
8.45,59,79,nonveg,grocery,0,0,30,0
14.44,7,22,nonveg,cooked,1,1,11,0
1.36,81,44,veg,cooked,1,1,10,0
16.76,61,33,veg,cooked,0,1,1,0
9.16,13,45,nonveg,grocery,1,1,21,1
4.73,40,77,veg,cooked,1,1,4,1
8.67,66,37,veg,cooked,0,1,11,0
5.62,66,54,nonveg,cooked,1,1,7,1
12.89,30,66,nonveg,cooked,0,0,5,0
8.85,98,69,veg,grocery,1,1,35,1
11.04,23,13,nonveg,cooked,1,1,8,0
11.18,6,82,nonveg,grocery,1,1,15,0
0.62,32,26,nonveg,cooked,0,0,3,0
7.24,35,95,nonveg,cooked,0,0,7,0
5.69,9,12,nonveg,cooked,1,1,2,0
2.85,23,82,nonveg,grocery,0,0,20,0
10.19,30,96,veg,cooked,0,1,9,0
16.05,94,67,veg,grocery,0,1,8,0
12.25,35,19,veg,cooked,1,1,7,0
3.14,126,73,nonveg,cooked,0,0,2,0
1.49,16,84,veg,cooked,1,1,11,1
11.87,25,15,nonveg,cooked,0,0,10,0
11.97,132,86,veg,cooked,0,1,11,0
14.33,7,81,veg,cooked,1,1,8,0
2.32,43,22,veg,cooked,0,1,4,0
16.44,90,78,nonveg,cooked,0,0,12,0
6.1,16,32,nonveg,grocery,0,0,33,0
15.3,67,38,veg,cooked,1,1,3,0
4.72,37,30,veg,grocery,1,1,30,1
5.73,2,45,nonveg,cooked,0,0,6,0
1.18,19,54,veg,grocery,0,1,27,1
5.57,52,31,nonveg,cooked,0,0,3,0
8.52,116,79,veg,grocery,0,1,9,1
2.56,20,14,veg,grocery,0,1,31,1
1.18,34,53,veg,grocery,0,1,12,1
2.79,35,40,veg,grocery,1,1,36,1
9.62,116,75,nonveg,cooked,0,0,1,0
10.26,46,25,veg,grocery,1,1,6,0
3.02,4,94,veg,cooked,1,1,1,0
17.85,47,74,nonveg,grocery,1,1,15,0
17.38,26,28,veg,grocery,1,1,18,0
3.13,27,76,veg,grocery,1,1,7,1
11.72,38,39,nonveg,grocery,0,0,33,0
18.89,105,86,nonveg,cooked,0,0,6,0
2.88,41,36,nonveg,cooked,1,1,2,0
8.52,76,82,nonveg,cooked,0,0,2,0
16.92,60,48,nonveg,cooked,1,1,8,0
10.11,14,11,nonveg,cooked,1,1,12,0
3.74,21,33,nonveg,grocery,1,1,29,1
7.15,76,67,nonveg,cooked,1,1,4,1
14.67,100,89,nonveg,grocery,1,1,9,0
12.48,67,47,veg,cooked,0,1,11,0
18.52,40,30,veg,grocery,0,1,11,0
13.85,87,90,nonveg,cooked,0,0,12,0
18.52,111,63,nonveg,grocery,0,0,25,0
13.08,79,87,veg,cooked,1,1,1,0
11.31,62,63,veg,grocery,1,1,25,0
11.53,29,82,nonveg,grocery,0,0,7,0
12.34,89,100,nonveg,cooked,0,0,7,0
2.08,54,48,nonveg,cooked,0,0,3,0
17.88,127,76,nonveg,cooked,0,0,2,0
13.61,8,79,veg,grocery,0,1,33,0
3.0,108,100,nonveg,grocery,0,0,12,0
17.52,38,28,veg,grocery,0,1,33,0
15.47,111,61,veg,grocery,0,1,13,0
2.95,90,51,nonveg,cooked,0,0,12,0
15.54,39,65,veg,grocery,1,1,19,0
1.44,27,51,veg,cooked,1,1,6,1
5.42,92,51,veg,grocery,1,1,25,0
14.74,11,16,veg,cooked,0,1,10,0
15.52,37,21,nonveg,grocery,1,1,18,0
15.45,57,63,nonveg,grocery,0,0,22,0
13.68,28,20,nonveg,grocery,1,1,23,0
11.9,26,66,veg,cooked,0,1,4,0
3.74,30,44,nonveg,grocery,1,1,35,1
18.85,79,54,nonveg,grocery,1,1,15,0
12.47,64,62,nonveg,grocery,0,0,28,0
8.59,22,16,veg,grocery,0,1,15,1
5.62,102,59,veg,cooked,0,1,5,0
13.67,17,13,nonveg,cooked,0,0,1,0
1.32,73,59,veg,grocery,0,1,24,1
6.26,27,52,nonveg,grocery,0,0,33,0
17.64,59,56,veg,grocery,0,1,21,0
6.72,39,57,veg,grocery,0,1,16,1
15.93,30,21,nonveg,grocery,0,0,12,0
13.73,90,67,veg,cooked,0,1,12,0
1.29,19,95,veg,cooked,1,1,9,1
17.95,12,83,nonveg,grocery,0,0,27,0
2.18,33,38,veg,cooked,1,1,4,1
0.97,54,53,nonveg,grocery,1,1,17,1
15.17,108,67,veg,cooked,1,1,11,0
11.97,22,97,nonveg,grocery,1,1,30,0
9.19,55,94,veg,grocery,1,1,33,1
8.59,119,60,veg,grocery,0,1,10,0
12.29,53,51,nonveg,grocery,1,1,31,0
2.06,3,38,veg,grocery,0,1,8,1
1.5,77,47,veg,cooked,0,1,7,0
4.29,4,56,veg,cooked,0,1,7,1
10.65,9,76,nonveg,cooked,0,0,7,0
2.41,22,50,nonveg,grocery,1,1,15,1
18.95,113,81,veg,grocery,1,1,33,0
2.9,169,87,nonveg,cooked,1,1,5,0
19.01,13,27,veg,grocery,0,1,33,0
3.81,56,60,veg,grocery,1,1,25,1
11.8,46,77,veg,cooked,1,1,8,0
11.22,48,33,veg,cooked,0,1,9,0
1.49,111,91,nonveg,grocery,1,1,23,1
6.97,114,85,veg,cooked,1,1,3,0
6.84,14,35,nonveg,grocery,1,1,6,1
8.49,151,95,nonveg,grocery,0,0,28,0
5.82,33,69,veg,grocery,0,1,35,1
1.66,40,35,nonveg,grocery,1,1,33,1
19.93,28,25,nonveg,grocery,1,1,13,0
3.6,85,95,nonveg,grocery,1,1,6,1
7.41,87,73,veg,grocery,1,1,18,1
12.08,149,96,veg,cooked,0,1,12,0
4.6,40,56,veg,cooked,1,1,4,1
14.14,137,100,veg,grocery,1,1,31,0
10.51,77,54,veg,cooked,0,1,5,0
1.69,41,37,nonveg,cooked,0,0,6,0
18.21,6,47,veg,cooked,0,1,3,0
3.9,19,33,nonveg,grocery,0,0,29,0
10.67,1,71,nonveg,cooked,1,1,11,0
11.97,34,25,veg,grocery,1,1,21,0
6.27,129,82,nonveg,cooked,0,0,12,0
15.92,34,27,veg,grocery,1,1,31,0
1.81,107,57,veg,grocery,1,1,30,0
4.67,88,69,nonveg,cooked,1,1,4,1
13.16,9,18,nonveg,grocery,0,0,8,0
11.37,5,78,nonveg,grocery,1,1,34,0
18.67,74,51,veg,cooked,1,1,9,0
3.18,35,20,veg,cooked,1,1,8,0
8.62,74,46,nonveg,grocery,1,1,7,0
13.77,23,69,veg,grocery,1,1,28,0
8.03,179,99,veg,grocery,1,1,23,0
6.91,81,64,veg,grocery,1,1,12,1
12.82,99,79,nonveg,cooked,0,0,5,0
5.03,126,68,veg,grocery,1,1,14,0
7.72,183,98,veg,grocery,0,1,11,0
13.01,49,39,veg,grocery,0,1,24,0
5.35,83,89,nonveg,grocery,1,1,12,1
17.22,36,43,veg,grocery,0,1,11,0
13.81,55,34,veg,grocery,0,1,36,0
2.84,3,37,veg,grocery,0,1,31,1
2.14,56,63,veg,grocery,1,1,25,1
6.14,59,95,veg,cooked,1,1,8,1
13.72,35,77,veg,grocery,0,1,12,0
14.49,199,100,nonveg,cooked,1,1,10,0
11.2,63,59,nonveg,grocery,0,0,22,0
9.49,16,14,nonveg,grocery,1,1,8,1
16.86,112,72,veg,grocery,0,1,33,0
14.64,18,32,nonveg,cooked,0,0,6,0
7.32,36,59,veg,cooked,0,1,9,1
3.08,116,70,veg,cooked,0,1,12,0
10.79,159,91,nonveg,grocery,0,0,13,0
8.24,17,11,veg,grocery,1,1,34,0
9.63,22,70,veg,grocery,1,1,22,1
3.18,130,89,nonveg,grocery,0,0,11,0
6.58,69,98,veg,grocery,0,1,14,1
11.63,66,82,veg,grocery,1,1,27,0
14.97,29,64,nonveg,grocery,1,1,12,0
18.61,4,10,nonveg,cooked,0,0,11,0
12.62,55,37,nonveg,grocery,0,0,7,0
1.55,56,97,veg,cooked,1,1,1,0
9.16,61,48,nonveg,grocery,1,1,27,1
0.69,67,67,veg,cooked,1,1,8,1
5.95,68,74,nonveg,cooked,1,1,5,1
10.93,12,18,nonveg,cooked,1,1,4,0
16.64,72,47,veg,grocery,0,1,20,0
4.11,63,95,veg,cooked,1,1,6,1
19.56,41,38,nonveg,cooked,1,1,2,0
6.3,38,26,nonveg,grocery,1,1,29,1
2.89,119,65,veg,cooked,0,1,2,0
4.21,85,61,veg,cooked,0,1,1,0
5.32,16,62,nonveg,cooked,1,1,10,1
10.48,100,74,nonveg,grocery,0,0,32,0
17.82,53,53,veg,grocery,1,1,18,0
8.17,16,87,veg,grocery,1,1,23,1
6.55,6,21,nonveg,grocery,1,1,27,1
2.81,134,67,veg,cooked,1,1,7,0
5.59,26,36,veg,cooked,0,1,11,1
18.98,130,70,veg,grocery,1,1,11,0
7.94,157,87,nonveg,grocery,1,1,34,0
3.35,41,50,veg,grocery,1,1,36,1
16.26,9,16,veg,grocery,1,1,11,0
7.44,90,80,nonveg,grocery,1,1,33,1
3.08,115,83,veg,grocery,1,1,17,1
12.22,32,50,veg,grocery,1,1,19,0
9.69,130,67,veg,cooked,1,1,9,0
13.84,26,31,veg,grocery,1,1,21,0
5.2,41,47,veg,grocery,0,1,6,1
2.25,130,66,nonveg,cooked,0,0,9,0
7.19,50,26,nonveg,grocery,1,1,26,0
11.16,29,64,nonveg,cooked,1,1,10,0
3.74,82,54,veg,cooked,1,1,4,0
19.07,56,29,nonveg,grocery,0,0,18,0
5.51,28,24,veg,grocery,0,1,31,1
8.76,46,35,nonveg,grocery,1,1,8,1
7.36,19,51,veg,cooked,1,1,8,1
7.17,55,58,nonveg,cooked,1,1,5,1
12.23,46,55,nonveg,grocery,1,1,35,0
9.2,10,34,nonveg,grocery,1,1,34,1
9.55,16,15,nonveg,cooked,1,1,11,1
2.7,161,87,nonveg,cooked,0,0,3,0
19.36,2,35,nonveg,grocery,0,0,31,0
10.74,14,22,nonveg,grocery,1,1,26,0
4.52,66,49,nonveg,grocery,0,0,28,0
8.06,2,57,nonveg,grocery,1,1,28,1
14.76,100,75,nonveg,grocery,0,0,34,0
10.56,100,86,nonveg,cooked,1,1,6,0
12.15,104,60,veg,grocery,1,1,25,0
17.46,7,57,veg,grocery,0,1,8,0
3.73,53,32,veg,cooked,0,1,6,0
4.63,8,30,veg,grocery,1,1,15,1
13.51,14,44,veg,grocery,1,1,17,0
2.31,41,43,nonveg,grocery,0,0,35,0
16.33,12,10,veg,grocery,0,1,15,0
14.38,18,13,veg,cooked,0,1,10,0
12.04,11,17,veg,cooked,0,1,2,0
10.81,36,20,nonveg,grocery,0,0,9,0
2.16,14,85,nonveg,cooked,0,0,5,0
3.17,20,48,nonveg,cooked,0,0,10,0
14.87,44,70,nonveg,cooked,1,1,10,0
1.47,114,60,nonveg,cooked,0,0,8,0
7.08,85,79,veg,cooked,1,1,11,1
15.77,96,66,nonveg,cooked,0,0,9,0
15.49,26,41,veg,cooked,0,1,4,0
8.79,31,96,nonveg,grocery,1,1,7,1
5.62,84,42,veg,grocery,0,1,23,0
6.98,72,97,veg,grocery,0,1,28,1
15.45,2,20,nonveg,grocery,1,1,18,0
14.17,42,77,veg,grocery,0,1,31,0
15.28,80,63,veg,cooked,1,1,9,0
9.97,112,66,veg,cooked,0,1,3,0
7.19,104,99,veg,cooked,1,1,2,0
0.81,2,37,veg,grocery,1,1,29,1
7.24,40,32,nonveg,grocery,1,1,10,1
10.98,74,84,nonveg,grocery,0,0,23,0
16.98,8,16,nonveg,grocery,0,0,21,0
3.52,65,79,nonveg,cooked,1,1,5,1
19.91,168,94,veg,cooked,0,1,4,0
16.85,53,40,nonveg,cooked,1,1,5,0
6.39,12,18,veg,grocery,0,1,29,1
2.85,103,86,nonveg,cooked,1,1,11,1
18.79,33,77,veg,grocery,1,1,24,0
4.49,38,24,veg,cooked,0,1,3,0
4.47,18,13,nonveg,grocery,1,1,17,1
5.16,9,76,veg,grocery,1,1,35,1
4.77,4,87,veg,grocery,1,1,20,1
6.19,76,89,nonveg,cooked,1,1,7,1
13.44,48,26,veg,cooked,1,1,10,0
13.64,49,99,nonveg,grocery,1,1,22,0
6.01,130,77,veg,grocery,1,1,36,0
10.4,48,49,veg,grocery,1,1,22,0
14.49,111,89,veg,grocery,1,1,35,0
8.03,67,45,nonveg,grocery,1,1,23,1
9.87,76,58,veg,cooked,1,1,12,1
4.48,181,96,nonveg,cooked,1,1,5,0
8.33,50,26,veg,grocery,0,1,23,0
3.93,84,45,nonveg,grocery,0,0,30,0
3.74,34,77,nonveg,cooked,1,1,10,1
6.92,122,78,nonveg,cooked,0,0,3,0
10.67,92,74,veg,cooked,0,1,5,0
2.04,5,26,nonveg,cooked,1,1,8,1
8.85,50,72,veg,cooked,1,1,11,1
10.94,31,19,nonveg,grocery,1,1,32,0
12.49,56,89,nonveg,grocery,1,1,27,0
17.86,24,14,veg,grocery,0,1,34,0
16.56,131,74,nonveg,grocery,0,0,8,0
14.74,84,64,nonveg,cooked,1,1,8,0
19.35,115,96,veg,grocery,1,1,22,0
12.69,19,28,nonveg,cooked,0,0,10,0
18.88,17,82,veg,cooked,1,1,4,0
15.1,117,78,nonveg,grocery,1,1,9,0
2.39,6,13,veg,grocery,1,1,29,1
1.65,51,77,nonveg,grocery,1,1,30,1
13.53,17,91,nonveg,grocery,0,0,22,0
17.97,9,41,veg,cooked,0,1,3,0
11.74,109,92,nonveg,grocery,0,0,18,0
10.34,59,56,nonveg,grocery,1,1,23,0
16.97,27,41,nonveg,grocery,0,0,34,0
5.26,54,81,veg,grocery,0,1,23,1
3.06,35,68,nonveg,cooked,0,0,4,0
16.83,23,73,nonveg,grocery,0,0,9,0
16.52,1,98,veg,cooked,1,1,5,0
14.37,102,51,nonveg,grocery,1,1,15,0
10.69,4,26,veg,grocery,1,1,33,0
7.93,70,43,nonveg,grocery,1,1,35,0
8.21,14,24,nonveg,grocery,1,1,8,1
18.79,74,95,veg,cooked,0,1,1,0
12.59,4,75,nonveg,cooked,0,0,6,0
15.33,137,83,veg,grocery,0,1,11,0
19.54,3,68,nonveg,cooked,0,0,6,0
7.49,108,65,veg,grocery,1,1,19,0
0.75,17,15,nonveg,cooked,0,0,9,0
19.86,66,86,nonveg,cooked,1,1,6,0
6.43,67,64,veg,grocery,1,1,10,1
14.01,13,48,veg,cooked,1,1,8,0
9.43,40,66,nonveg,grocery,0,0,8,0
5.58,11,99,nonveg,grocery,1,1,15,1
14.43,31,76,veg,cooked,0,1,6,0
4.04,20,41,veg,cooked,1,1,12,1
3.1,45,26,veg,cooked,0,1,6,0
6.39,84,95,veg,cooked,0,1,8,1
11.76,33,61,nonveg,grocery,0,0,23,0
12.96,64,46,nonveg,cooked,1,1,12,0
16.0,38,25,veg,cooked,1,1,9,0
